filename,width,height,class,xmin,ymin,xmax,ymax
fruit185.png,600,337,BananaFresh,291,63,406,172
fruit185.png,600,337,SnakeFruitFresh,350,206,402,266
fruit185.png,600,337,DragonFruitFresh,136,100,267,209
fruit152.png,400,300,PineAppleFresh,147,75,347,193
fruit152.png,400,300,SnakeFruitFresh,47,152,82,179
fruit152.png,400,300,BananaFresh,53,105,121,152
fruit146.png,400,300,PineAppleFresh,111,46,298,245
fruit146.png,400,300,SnakeFruitFresh,97,52,127,71
fruit146.png,400,300,BananaFresh,142,26,188,69
fruit38.png,400,300,PineAppleFresh,154,65,292,230
fruit38.png,400,300,SnakeFruitFresh,186,208,209,236
fruit38.png,400,300,DragonFruitFresh,105,206,159,270
fruit3.png,400,300,PineAppleFresh,82,101,244,197
fruit3.png,400,300,SnakeFruitFresh,216,169,242,192
fruit3.png,400,300,DragonFruitFresh,215,202,277,261
fruit10.png,400,300,PineAppleFresh,92,116,259,215
fruit10.png,400,300,SnakeFruitFresh,210,207,232,233
fruit10.png,400,300,DragonFruitFresh,186,249,243,300
fruit2.png,400,300,PineAppleFresh,92,115,248,198
fruit2.png,400,300,SnakeFruitFresh,217,185,243,209
fruit2.png,400,300,DragonFruitFresh,212,217,271,269
fruit11.png,400,300,PineAppleFresh,86,124,252,224
fruit11.png,400,300,SnakeFruitFresh,213,203,237,229
fruit11.png,400,300,DragonFruitFresh,200,241,260,299
fruit39.png,400,300,PineAppleFresh,151,73,299,224
fruit39.png,400,300,SnakeFruitFresh,197,213,217,242
fruit39.png,400,300,DragonFruitFresh,114,222,170,286
fruit147.png,400,300,PineAppleFresh,131,57,321,258
fruit147.png,400,300,SnakeFruitFresh,82,74,113,95
fruit147.png,400,300,BananaFresh,127,39,182,88
fruit153.png,400,300,PineAppleFresh,151,61,398,211
fruit153.png,400,300,SnakeFruitFresh,50,196,89,237
fruit153.png,400,300,BananaFresh,33,130,113,187
fruit184.png,600,337,BananaFresh,290,61,403,172
fruit184.png,600,337,SnakeFruitFresh,347,207,401,267
fruit184.png,600,337,DragonFruitFresh,139,98,265,210
fruit186.png,600,337,BananaFresh,293,59,406,171
fruit186.png,600,337,SnakeFruitFresh,351,208,403,269
fruit186.png,600,337,DragonFruitFresh,143,97,268,210
fruit179.png,600,337,BananaFresh,292,62,402,175
fruit179.png,600,337,SnakeFruitFresh,340,220,393,270
fruit179.png,600,337,DragonFruitFresh,134,103,256,206
fruit145.png,400,300,PineAppleFresh,110,56,281,224
fruit145.png,400,300,SnakeFruitFresh,115,52,143,71
fruit151.png,400,300,PineAppleFresh,143,79,335,221
fruit151.png,400,300,SnakeFruitFresh,29,145,68,174
fruit151.png,400,300,BananaFresh,54,101,124,149
fruit13.png,400,300,PineAppleFresh,105,58,312,239
fruit13.png,400,300,SnakeFruitFresh,193,220,217,250
fruit13.png,400,300,DragonFruitFresh,115,253,175,300
fruit0.png,400,300,PineAppleFresh,38,82,271,227
fruit0.png,400,300,SnakeFruitFresh,244,174,280,207
fruit0.png,400,300,DragonFruitFresh,254,228,351,300
fruit12.png,400,300,PineAppleFresh,107,62,312,247
fruit12.png,400,300,SnakeFruitFresh,194,217,217,246
fruit12.png,400,300,DragonFruitFresh,110,250,175,300
fruit1.png,400,300,PineAppleFresh,38,87,275,241
fruit1.png,400,300,SnakeFruitFresh,240,185,279,220
fruit1.png,400,300,DragonFruitFresh,256,244,346,300
fruit150.png,400,300,PineAppleFresh,146,87,352,211
fruit150.png,400,300,SnakeFruitFresh,36,152,71,179
fruit150.png,400,300,BananaFresh,54,105,121,154
fruit144.png,400,300,PineAppleFresh,201,20,305,192
fruit144.png,400,300,SnakeFruitFresh,139,101,156,124
fruit144.png,400,300,BananaFresh,136,191,190,253
fruit178.png,600,337,BananaFresh,288,63,407,177
fruit178.png,600,337,SnakeFruitFresh,335,222,388,273
fruit178.png,600,337,DragonFruitFresh,131,102,253,212
fruit187.png,600,337,BananaFresh,295,61,408,174
fruit187.png,600,337,SnakeFruitFresh,349,208,406,269
fruit187.png,600,337,DragonFruitFresh,143,94,269,207
fruit183.png,600,337,BananaFresh,289,61,401,174
fruit183.png,600,337,SnakeFruitFresh,348,214,400,263
fruit183.png,600,337,DragonFruitFresh,142,100,264,213
fruit197.png,600,337,BananaFresh,305,70,421,183
fruit197.png,600,337,SnakeFruitFresh,323,232,379,293
fruit197.png,600,337,DragonFruitFresh,144,84,264,200
fruit140.png,400,300,PineAppleFresh,183,103,375,258
fruit140.png,400,300,SnakeFruitFresh,195,88,223,107
fruit140.png,400,300,BananaFresh,75,130,141,191
fruit154.png,400,300,PineAppleFresh,168,30,389,180
fruit154.png,400,300,SnakeFruitFresh,131,214,165,266
fruit154.png,400,300,BananaFresh,73,143,156,212
fruit168.png,600,337,BananaFresh,270,65,386,176
fruit168.png,600,337,SnakeFruitFresh,284,221,340,275
fruit168.png,600,337,DragonFruitFresh,118,80,231,186
fruit5.png,400,300,PineAppleFresh,52,69,255,199
fruit5.png,400,300,SnakeFruitFresh,228,147,262,176
fruit5.png,400,300,DragonFruitFresh,241,189,321,256
fruit16.png,400,300,PineAppleFresh,110,58,313,220
fruit16.png,400,300,SnakeFruitFresh,201,215,225,247
fruit16.png,400,300,DragonFruitFresh,125,250,188,300
fruit4.png,400,300,PineAppleFresh,70,80,254,189
fruit4.png,400,300,SnakeFruitFresh,228,153,255,180
fruit4.png,400,300,DragonFruitFresh,230,191,302,251
fruit17.png,400,300,PineAppleFresh,112,3,296,168
fruit17.png,400,300,SnakeFruitFresh,191,165,212,196
fruit17.png,400,300,DragonFruitFresh,114,194,175,260
fruit169.png,600,337,BananaFresh,268,63,383,173
fruit169.png,600,337,SnakeFruitFresh,283,219,339,272
fruit169.png,600,337,DragonFruitFresh,117,79,229,185
fruit155.png,400,300,PineAppleFresh,133,40,282,156
fruit155.png,400,300,SnakeFruitFresh,100,164,173,228
fruit155.png,400,300,BananaFresh,185,198,214,238
fruit141.png,400,300,PineAppleFresh,176,98,379,248
fruit141.png,400,300,SnakeFruitFresh,204,86,231,104
fruit141.png,400,300,BananaFresh,80,114,144,173
fruit196.png,600,337,BananaFresh,308,70,424,179
fruit196.png,600,337,SnakeFruitFresh,332,226,389,284
fruit196.png,600,337,DragonFruitFresh,147,87,265,205
fruit182.png,600,337,BananaFresh,290,61,400,172
fruit182.png,600,337,SnakeFruitFresh,348,215,400,264
fruit182.png,600,337,DragonFruitFresh,137,105,261,210
fruit180.png,600,337,BananaFresh,291,62,402,174
fruit180.png,600,337,SnakeFruitFresh,344,218,396,268
fruit180.png,600,337,DragonFruitFresh,136,103,259,212
fruit157.png,400,300,PineAppleFresh,44,7,187,175
fruit157.png,400,300,SnakeFruitFresh,254,148,295,172
fruit157.png,400,300,BananaFresh,167,149,269,230
fruit143.png,400,300,PineAppleFresh,208,17,313,185
fruit143.png,400,300,SnakeFruitFresh,143,95,164,122
fruit143.png,400,300,BananaFresh,141,184,195,245
fruit15.png,400,300,PineAppleFresh,105,66,305,238
fruit15.png,400,300,SnakeFruitFresh,191,229,215,259
fruit6.png,400,300,PineAppleFresh,42,78,264,215
fruit6.png,400,300,SnakeFruitFresh,237,164,270,194
fruit6.png,400,300,DragonFruitFresh,249,209,336,286
fruit29.png,400,300,PineAppleFresh,128,44,301,191
fruit29.png,400,300,SnakeFruitFresh,191,189,214,224
fruit29.png,400,300,DragonFruitFresh,96,196,166,277
fruit209.png,600,337,BananaFresh,297,79,413,186
fruit209.png,600,337,SnakeFruitFresh,262,228,338,278
fruit209.png,600,337,DragonFruitFresh,152,54,264,166
fruit208.png,600,337,BananaFresh,298,77,414,180
fruit208.png,600,337,SnakeFruitFresh,265,225,335,280
fruit208.png,600,337,DragonFruitFresh,152,56,257,167
fruit28.png,400,300,PineAppleFresh,131,24,311,173
fruit28.png,400,300,SnakeFruitFresh,195,171,218,211
fruit28.png,400,300,DragonFruitFresh,92,171,166,256
fruit14.png,400,300,PineAppleFresh,95,75,299,249
fruit14.png,400,300,SnakeFruitFresh,184,235,207,266
fruit7.png,400,300,PineAppleFresh,129,59,318,220
fruit7.png,400,300,SnakeFruitFresh,217,209,240,241
fruit7.png,400,300,DragonFruitFresh,150,248,213,300
fruit142.png,400,300,PineAppleFresh,215,30,313,203
fruit142.png,400,300,SnakeFruitFresh,146,98,166,124
fruit142.png,400,300,BananaFresh,129,186,181,246
fruit156.png,400,300,PineAppleFresh,114,0,236,152
fruit156.png,400,300,SnakeFruitFresh,262,172,309,207
fruit156.png,400,300,BananaFresh,142,161,243,249
fruit181.png,600,337,BananaFresh,291,61,401,172
fruit181.png,600,337,SnakeFruitFresh,346,216,398,265
fruit181.png,600,337,DragonFruitFresh,139,104,260,206
fruit119.png,400,300,PineAppleFresh,125,124,234,279
fruit119.png,400,300,SnakeFruitFresh,259,173,277,194
fruit119.png,400,300,BananaFresh,208,79,254,126
fruit131.png,400,300,PineAppleFresh,156,108,303,212
fruit131.png,400,300,SnakeFruitFresh,188,93,211,109
fruit131.png,400,300,BananaFresh,92,107,140,147
fruit125.png,400,300,PineAppleFresh,127,96,367,249
fruit125.png,400,300,SnakeFruitFresh,267,97,292,117
fruit125.png,400,300,BananaFresh,141,47,201,96
fruit98.png,400,300,PineAppleFresh,153,81,258,172
fruit98.png,400,300,SnakeFruitFresh,144,181,162,204
fruit98.png,400,300,BananaFresh,204,217,253,262
fruit67.png,400,300,PineAppleFresh,92,76,232,226
fruit67.png,400,300,SnakeFruitFresh,232,144,261,165
fruit67.png,400,300,DragonFruitFresh,263,177,323,230
fruit73.png,400,300,PineAppleFresh,203,60,332,189
fruit73.png,400,300,SnakeFruitFresh,179,95,206,113
fruit73.png,400,300,BananaFresh,90,122,145,169
fruit72.png,400,300,PineAppleFresh,201,61,330,188
fruit72.png,400,300,SnakeFruitFresh,181,95,204,112
fruit72.png,400,300,BananaFresh,95,123,147,172
fruit66.png,400,300,PineAppleFresh,76,69,240,202
fruit66.png,400,300,SnakeFruitFresh,226,144,251,169
fruit66.png,400,300,DragonFruitFresh,238,187,296,235
fruit99.png,400,300,PineAppleFresh,155,80,261,175
fruit99.png,400,300,SnakeFruitFresh,143,184,161,208
fruit99.png,400,300,BananaFresh,203,222,257,269
fruit124.png,400,300,PineAppleFresh,125,98,362,247
fruit124.png,400,300,SnakeFruitFresh,265,93,289,111
fruit124.png,400,300,BananaFresh,137,40,199,93
fruit130.png,400,300,PineAppleFresh,168,127,345,240
fruit130.png,400,300,SnakeFruitFresh,257,96,279,115
fruit130.png,400,300,BananaFresh,149,64,200,110
fruit118.png,400,300,PineAppleFresh,123,103,257,259
fruit118.png,400,300,SnakeFruitFresh,285,162,304,182
fruit118.png,400,300,BananaFresh,222,72,271,117
fruit126.png,400,300,PineAppleFresh,120,75,373,239
fruit126.png,400,300,SnakeFruitFresh,262,89,289,112
fruit126.png,400,300,BananaFresh,135,44,196,92
fruit132.png,400,300,PineAppleFresh,150,76,370,249
fruit132.png,400,300,SnakeFruitFresh,179,90,207,111
fruit132.png,400,300,BananaFresh,43,115,116,172
fruit58.png,400,300,PineAppleFresh,139,82,276,251
fruit58.png,400,300,SnakeFruitFresh,222,93,244,114
fruit58.png,400,300,DragonFruitFresh,272,62,320,115
fruit70.png,400,300,PineAppleFresh,191,56,328,185
fruit70.png,400,300,SnakeFruitFresh,168,105,195,121
fruit70.png,400,300,BananaFresh,70,125,132,171
fruit64.png,400,300,PineAppleFresh,118,68,249,251
fruit64.png,400,300,SnakeFruitFresh,224,106,247,124
fruit64.png,400,300,DragonFruitFresh,274,96,326,150
fruit65.png,400,300,PineAppleFresh,77,70,246,196
fruit65.png,400,300,SnakeFruitFresh,226,143,255,169
fruit65.png,400,300,DragonFruitFresh,234,190,295,238
fruit71.png,400,300,PineAppleFresh,191,51,326,183
fruit71.png,400,300,SnakeFruitFresh,168,99,193,118
fruit71.png,400,300,BananaFresh,68,120,130,164
fruit59.png,400,300,PineAppleFresh,143,83,279,256
fruit59.png,400,300,SnakeFruitFresh,222,90,242,114
fruit59.png,400,300,DragonFruitFresh,270,55,316,108
fruit133.png,400,300,PineAppleFresh,160,109,311,227
fruit133.png,400,300,SnakeFruitFresh,187,102,207,116
fruit133.png,400,300,BananaFresh,89,120,140,164
fruit127.png,400,300,PineAppleFresh,150,124,340,243
fruit127.png,400,300,SnakeFruitFresh,257,96,278,113
fruit127.png,400,300,BananaFresh,144,57,196,103
fruit123.png,400,300,PineAppleFresh,104,43,368,206
fruit123.png,400,300,BananaFresh,121,27,185,75
fruit137.png,400,300,PineAppleFresh,149,61,385,245
fruit137.png,400,300,SnakeFruitFresh,187,81,215,102
fruit137.png,400,300,BananaFresh,45,100,119,156
fruit75.png,400,300,PineAppleFresh,202,99,307,210
fruit75.png,400,300,SnakeFruitFresh,181,119,202,133
fruit75.png,400,300,BananaFresh,113,150,156,197
fruit61.png,400,300,PineAppleFresh,105,76,218,256
fruit61.png,400,300,SnakeFruitFresh,224,134,251,152
fruit61.png,400,300,DragonFruitFresh,268,144,326,201
fruit49.png,400,300,PineAppleFresh,153,112,321,225
fruit49.png,400,300,SnakeFruitFresh,176,115,196,136
fruit49.png,400,300,DragonFruitFresh,166,48,216,92
fruit48.png,400,300,PineAppleFresh,158,125,331,217
fruit48.png,400,300,SnakeFruitFresh,199,112,218,136
fruit48.png,400,300,DragonFruitFresh,198,50,244,94
fruit60.png,400,300,PineAppleFresh,104,71,221,238
fruit60.png,400,300,SnakeFruitFresh,231,133,260,155
fruit60.png,400,300,DragonFruitFresh,267,155,330,211
fruit74.png,400,300,PineAppleFresh,192,59,324,191
fruit74.png,400,300,SnakeFruitFresh,171,99,194,118
fruit74.png,400,300,BananaFresh,76,123,133,171
fruit136.png,400,300,PineAppleFresh,150,69,389,256
fruit136.png,400,300,SnakeFruitFresh,186,81,215,104
fruit136.png,400,300,BananaFresh,42,104,117,167
fruit122.png,400,300,PineAppleFresh,103,35,380,204
fruit122.png,400,300,BananaFresh,120,34,183,77
fruit134.png,400,300,PineAppleFresh,144,36,395,222
fruit134.png,400,300,SnakeFruitFresh,182,73,213,95
fruit134.png,400,300,BananaFresh,31,88,114,147
fruit120.png,400,300,PineAppleFresh,126,123,234,276
fruit120.png,400,300,SnakeFruitFresh,260,170,277,191
fruit120.png,400,300,BananaFresh,206,78,252,122
fruit108.png,400,300,PineAppleFresh,87,111,228,212
fruit108.png,400,300,SnakeFruitFresh,214,222,242,241
fruit108.png,400,300,BananaFresh,274,138,318,193
fruit89.png,400,300,PineAppleFresh,205,105,271,212
fruit89.png,400,300,SnakeFruitFresh,159,156,173,174
fruit89.png,400,300,BananaFresh,156,211,195,255
fruit62.png,400,300,PineAppleFresh,108,79,225,260
fruit62.png,400,300,SnakeFruitFresh,223,128,251,149
fruit62.png,400,300,DragonFruitFresh,270,134,327,189
fruit76.png,400,300,PineAppleFresh,202,88,315,207
fruit76.png,400,300,SnakeFruitFresh,183,114,202,129
fruit76.png,400,300,BananaFresh,108,144,154,190
fruit77.png,400,300,PineAppleFresh,202,83,319,204
fruit77.png,400,300,SnakeFruitFresh,182,110,204,125
fruit77.png,400,300,BananaFresh,104,140,151,185
fruit63.png,400,300,PineAppleFresh,115,67,238,248
fruit63.png,400,300,SnakeFruitFresh,226,111,252,132
fruit63.png,400,300,DragonFruitFresh,274,111,330,166
fruit88.png,400,300,PineAppleFresh,203,98,268,205
fruit88.png,400,300,SnakeFruitFresh,158,146,172,163
fruit88.png,400,300,BananaFresh,152,201,191,244
fruit109.png,400,300,PineAppleFresh,76,111,226,209
fruit109.png,400,300,SnakeFruitFresh,212,224,241,244
fruit109.png,400,300,BananaFresh,276,138,322,194
fruit121.png,400,300,PineAppleFresh,128,122,235,269
fruit121.png,400,300,SnakeFruitFresh,260,168,278,188
fruit121.png,400,300,BananaFresh,205,79,251,123
fruit135.png,400,300,PineAppleFresh,158,52,394,235
fruit135.png,400,300,SnakeFruitFresh,194,80,224,103
fruit135.png,400,300,BananaFresh,50,97,127,155
fruit138.png,400,300,PineAppleFresh,178,88,397,253
fruit138.png,400,300,SnakeFruitFresh,209,82,237,103
fruit138.png,400,300,BananaFresh,76,104,145,164
fruit110.png,400,300,PineAppleFresh,66,103,222,204
fruit110.png,400,300,SnakeFruitFresh,207,219,238,240
fruit110.png,400,300,BananaFresh,273,132,322,191
fruit104.png,400,300,PineAppleFresh,46,85,222,185
fruit104.png,400,300,SnakeFruitFresh,202,202,238,225
fruit104.png,400,300,BananaFresh,277,117,332,178
fruit85.png,400,300,PineAppleFresh,195,95,263,205
fruit85.png,400,300,SnakeFruitFresh,146,149,163,167
fruit85.png,400,300,BananaFresh,142,202,183,248
fruit91.png,400,300,PineAppleFresh,129,34,259,141
fruit91.png,400,300,SnakeFruitFresh,108,145,129,171
fruit91.png,400,300,BananaFresh,186,174,257,234
fruit46.png,400,300,PineAppleFresh,167,78,319,222
fruit46.png,400,300,SnakeFruitFresh,158,130,185,150
fruit46.png,400,300,DragonFruitFresh,123,63,176,106
fruit52.png,400,300,PineAppleFresh,144,101,299,254
fruit52.png,400,300,SnakeFruitFresh,220,92,238,116
fruit52.png,400,300,DragonFruitFresh,260,40,311,97
fruit53.png,400,300,PineAppleFresh,149,120,307,252
fruit53.png,400,300,SnakeFruitFresh,217,102,234,125
fruit53.png,400,300,DragonFruitFresh,247,47,297,101
fruit47.png,400,300,PineAppleFresh,165,70,314,225
fruit47.png,400,300,SnakeFruitFresh,154,135,180,153
fruit47.png,400,300,DragonFruitFresh,112,67,163,113
fruit90.png,400,300,PineAppleFresh,195,102,262,210
fruit90.png,400,300,SnakeFruitFresh,150,154,164,171
fruit90.png,400,300,BananaFresh,147,210,186,254
fruit84.png,400,300,PineAppleFresh,194,65,282,191
fruit84.png,400,300,SnakeFruitFresh,136,128,155,149
fruit84.png,400,300,BananaFresh,125,182,180,237
fruit105.png,400,300,PineAppleFresh,43,80,224,188
fruit105.png,400,300,SnakeFruitFresh,203,201,240,225
fruit105.png,400,300,BananaFresh,282,116,338,178
fruit111.png,400,300,PineAppleFresh,88,114,217,210
fruit111.png,400,300,SnakeFruitFresh,207,217,231,233
fruit111.png,400,300,BananaFresh,260,138,301,189
fruit139.png,400,300,PineAppleFresh,161,70,396,260
fruit139.png,400,300,SnakeFruitFresh,193,78,223,98
fruit139.png,400,300,BananaFresh,50,103,125,165
fruit107.png,400,300,PineAppleFresh,57,99,225,199
fruit107.png,400,300,SnakeFruitFresh,209,214,241,236
fruit107.png,400,300,BananaFresh,279,128,330,187
fruit113.png,400,300,PineAppleFresh,115,76,260,226
fruit113.png,400,300,SnakeFruitFresh,292,132,314,153
fruit113.png,400,300,BananaFresh,221,55,276,101
fruit92.png,400,300,PineAppleFresh,138,48,264,154
fruit92.png,400,300,SnakeFruitFresh,123,160,143,188
fruit92.png,400,300,BananaFresh,196,199,261,253
fruit86.png,400,300,PineAppleFresh,204,88,276,202
fruit86.png,400,300,SnakeFruitFresh,154,145,168,162
fruit86.png,400,300,BananaFresh,148,198,191,245
fruit79.png,400,300,PineAppleFresh,196,114,281,212
fruit79.png,400,300,SnakeFruitFresh,174,129,193,142
fruit79.png,400,300,BananaFresh,120,163,154,202
fruit51.png,400,300,PineAppleFresh,142,93,285,254
fruit51.png,400,300,SnakeFruitFresh,221,94,239,118
fruit51.png,400,300,DragonFruitFresh,266,52,315,107
fruit45.png,400,300,PineAppleFresh,186,40,300,226
fruit45.png,400,300,SnakeFruitFresh,173,176,200,193
fruit45.png,400,300,DragonFruitFresh,97,146,149,203
fruit44.png,400,300,PineAppleFresh,189,32,295,216
fruit44.png,400,300,SnakeFruitFresh,158,148,185,169
fruit44.png,400,300,DragonFruitFresh,89,103,145,158
fruit50.png,400,300,PineAppleFresh,165,106,322,205
fruit50.png,400,300,SnakeFruitFresh,203,95,218,116
fruit50.png,400,300,DragonFruitFresh,208,35,251,79
fruit78.png,400,300,PineAppleFresh,202,73,323,198
fruit78.png,400,300,SnakeFruitFresh,182,102,202,118
fruit78.png,400,300,BananaFresh,98,131,149,178
fruit87.png,400,300,PineAppleFresh,201,82,280,202
fruit87.png,400,300,SnakeFruitFresh,151,142,166,161
fruit87.png,400,300,BananaFresh,144,198,191,247
fruit93.png,400,300,PineAppleFresh,135,51,262,157
fruit93.png,400,300,SnakeFruitFresh,118,160,138,188
fruit93.png,400,300,BananaFresh,193,197,260,254
fruit112.png,400,300,PineAppleFresh,92,118,222,213
fruit112.png,400,300,SnakeFruitFresh,211,225,238,244
fruit112.png,400,300,BananaFresh,266,145,310,196
fruit106.png,400,300,PineAppleFresh,61,105,223,204
fruit106.png,400,300,SnakeFruitFresh,205,219,237,240
fruit106.png,400,300,BananaFresh,274,134,325,192
fruit102.png,400,300,PineAppleFresh,35,59,221,177
fruit102.png,400,300,SnakeFruitFresh,199,187,237,214
fruit102.png,400,300,BananaFresh,280,106,337,167
fruit116.png,400,300,PineAppleFresh,120,113,237,264
fruit116.png,400,300,SnakeFruitFresh,261,162,279,181
fruit116.png,400,300,BananaFresh,205,72,251,118
fruit97.png,400,300,PineAppleFresh,149,80,250,170
fruit97.png,400,300,SnakeFruitFresh,140,177,157,199
fruit97.png,400,300,BananaFresh,196,212,244,255
fruit83.png,400,300,PineAppleFresh,200,78,284,199
fruit83.png,400,300,SnakeFruitFresh,146,139,165,160
fruit83.png,400,300,BananaFresh,137,194,188,248
fruit54.png,400,300,PineAppleFresh,152,126,313,246
fruit54.png,400,300,SnakeFruitFresh,218,105,235,129
fruit54.png,400,300,DragonFruitFresh,247,49,294,104
fruit40.png,400,300,PineAppleFresh,141,68,296,213
fruit40.png,400,300,SnakeFruitFresh,197,209,216,241
fruit40.png,400,300,DragonFruitFresh,113,219,170,286
fruit68.png,400,300,PineAppleFresh,76,73,246,200
fruit68.png,400,300,SnakeFruitFresh,223,150,250,172
fruit68.png,400,300,DragonFruitFresh,229,196,289,246
fruit69.png,400,300,PineAppleFresh,197,50,331,180
fruit69.png,400,300,SnakeFruitFresh,173,96,199,113
fruit69.png,400,300,BananaFresh,77,120,135,165
fruit41.png,400,300,PineAppleFresh,177,65,314,232
fruit41.png,400,300,SnakeFruitFresh,154,141,181,158
fruit41.png,400,300,DragonFruitFresh,107,76,163,125
fruit55.png,400,300,PineAppleFresh,127,71,261,252
fruit55.png,400,300,SnakeFruitFresh,227,102,252,122
fruit55.png,400,300,DragonFruitFresh,279,87,329,140
fruit82.png,400,300,PineAppleFresh,187,62,274,183
fruit82.png,400,300,SnakeFruitFresh,132,126,150,146
fruit82.png,400,300,BananaFresh,119,176,175,230
fruit96.png,400,300,PineAppleFresh,140,60,259,163
fruit96.png,400,300,SnakeFruitFresh,125,170,143,196
fruit96.png,400,300,BananaFresh,192,209,254,261
fruit117.png,400,300,PineAppleFresh,128,107,248,261
fruit117.png,400,300,SnakeFruitFresh,274,161,292,181
fruit117.png,400,300,BananaFresh,214,70,264,117
fruit103.png,400,300,PineAppleFresh,50,86,222,190
fruit103.png,400,300,SnakeFruitFresh,202,205,237,228
fruit103.png,400,300,BananaFresh,275,119,328,178
fruit115.png,400,300,PineAppleFresh,115,90,261,249
fruit115.png,400,300,SnakeFruitFresh,288,148,311,168
fruit115.png,400,300,BananaFresh,219,65,271,111
fruit101.png,400,300,PineAppleFresh,38,64,223,175
fruit101.png,400,300,SnakeFruitFresh,202,190,240,216
fruit101.png,400,300,BananaFresh,282,107,338,170
fruit129.png,400,300,PineAppleFresh,161,112,324,225
fruit129.png,400,300,SnakeFruitFresh,217,88,239,103
fruit129.png,400,300,BananaFresh,113,85,164,127
fruit80.png,400,300,PineAppleFresh,198,107,290,209
fruit80.png,400,300,SnakeFruitFresh,178,122,195,136
fruit80.png,400,300,BananaFresh,118,156,154,195
fruit94.png,400,300,PineAppleFresh,136,47,262,155
fruit94.png,400,300,SnakeFruitFresh,113,157,134,184
fruit94.png,400,300,BananaFresh,190,191,261,249
fruit43.png,400,300,PineAppleFresh,199,37,303,220
fruit43.png,400,300,SnakeFruitFresh,165,148,192,167
fruit43.png,400,300,DragonFruitFresh,100,95,156,150
fruit57.png,400,300,PineAppleFresh,139,80,275,253
fruit57.png,400,300,SnakeFruitFresh,226,96,248,116
fruit57.png,400,300,DragonFruitFresh,278,68,325,120
fruit56.png,400,300,PineAppleFresh,134,82,269,260
fruit56.png,400,300,SnakeFruitFresh,228,104,250,123
fruit56.png,400,300,DragonFruitFresh,277,82,328,136
fruit42.png,400,300,PineAppleFresh,196,52,308,233
fruit42.png,400,300,SnakeFruitFresh,161,151,190,168
fruit42.png,400,300,DragonFruitFresh,106,92,158,143
fruit95.png,400,300,PineAppleFresh,150,76,262,171
fruit95.png,400,300,SnakeFruitFresh,136,181,154,205
fruit95.png,400,300,BananaFresh,201,220,258,268
fruit81.png,400,300,PineAppleFresh,197,103,297,208
fruit81.png,400,300,SnakeFruitFresh,177,118,196,134
fruit81.png,400,300,BananaFresh,113,151,153,194
fruit128.png,400,300,PineAppleFresh,139,106,355,244
fruit128.png,400,300,SnakeFruitFresh,263,90,287,109
fruit128.png,400,300,BananaFresh,142,43,200,92
fruit100.png,400,300,PineAppleFresh,37,47,225,165
fruit100.png,400,300,SnakeFruitFresh,203,176,241,202
fruit100.png,400,300,BananaFresh,285,97,342,156
fruit114.png,400,300,PineAppleFresh,116,96,257,261
fruit114.png,400,300,SnakeFruitFresh,284,157,305,177
fruit114.png,400,300,BananaFresh,216,70,268,117
fruit198.png,600,337,BananaFresh,306,71,423,185
fruit198.png,600,337,SnakeFruitFresh,317,229,376,290
fruit198.png,600,337,DragonFruitFresh,143,82,264,198
fruit173.png,600,337,BananaFresh,274,64,387,173
fruit173.png,600,337,SnakeFruitFresh,299,222,354,275
fruit173.png,600,337,DragonFruitFresh,112,88,234,194
fruit167.png,600,337,BananaFresh,273,67,389,179
fruit167.png,600,337,SnakeFruitFresh,285,224,342,278
fruit167.png,600,337,DragonFruitFresh,121,82,234,188
fruit19.png,400,300,PineAppleFresh,104,50,306,223
fruit19.png,400,300,SnakeFruitFresh,192,211,214,241
fruit19.png,400,300,DragonFruitFresh,112,243,173,300
fruit25.png,400,300,PineAppleFresh,128,34,311,181
fruit25.png,400,300,SnakeFruitFresh,193,174,216,213
fruit25.png,400,300,DragonFruitFresh,83,169,159,254
fruit211.png,600,337,BananaFresh,293,80,414,184
fruit211.png,600,337,SnakeFruitFresh,263,229,333,278
fruit211.png,600,337,DragonFruitFresh,154,57,263,166
fruit31.png,400,300,PineAppleFresh,118,60,282,198
fruit31.png,400,300,SnakeFruitFresh,178,198,199,233
fruit31.png,400,300,DragonFruitFresh,87,212,152,284
fruit30.png,400,300,PineAppleFresh,129,70,287,209
fruit30.png,400,300,SnakeFruitFresh,184,208,206,241
fruit30.png,400,300,DragonFruitFresh,99,221,159,292
fruit210.png,600,337,BananaFresh,298,80,411,186
fruit210.png,600,337,SnakeFruitFresh,264,226,336,281
fruit210.png,600,337,DragonFruitFresh,155,55,264,170
fruit24.png,400,300,PineAppleFresh,120,17,290,167
fruit24.png,400,300,SnakeFruitFresh,190,169,210,199
fruit24.png,400,300,DragonFruitFresh,114,192,172,256
fruit18.png,400,300,PineAppleFresh,118,29,303,198
fruit18.png,400,300,SnakeFruitFresh,196,192,218,223
fruit18.png,400,300,DragonFruitFresh,119,220,177,289
fruit166.png,600,337,BananaFresh,276,70,392,182
fruit166.png,600,337,SnakeFruitFresh,284,226,345,281
fruit166.png,600,337,DragonFruitFresh,124,84,238,191
fruit172.png,600,337,BananaFresh,271,62,384,171
fruit172.png,600,337,SnakeFruitFresh,292,220,348,272
fruit172.png,600,337,DragonFruitFresh,110,83,230,188
fruit199.png,600,337,BananaFresh,301,70,416,183
fruit199.png,600,337,SnakeFruitFresh,309,230,369,290
fruit199.png,600,337,DragonFruitFresh,144,78,260,191
fruit158.png,400,300,PineAppleFresh,16,25,195,187
fruit158.png,400,300,BananaFresh,228,132,313,211
fruit164.png,600,337,BananaFresh,280,72,398,186
fruit164.png,600,337,SnakeFruitFresh,292,230,351,285
fruit164.png,600,337,DragonFruitFresh,128,87,243,195
fruit170.png,600,337,BananaFresh,268,62,382,172
fruit170.png,600,337,SnakeFruitFresh,284,218,340,271
fruit170.png,600,337,DragonFruitFresh,116,79,228,184
fruit9.png,400,300,PineAppleFresh,118,94,299,195
fruit9.png,400,300,SnakeFruitFresh,232,200,254,230
fruit9.png,400,300,DragonFruitFresh,195,245,257,300
fruit32.png,400,300,PineAppleFresh,115,47,283,190
fruit32.png,400,300,SnakeFruitFresh,174,189,198,222
fruit32.png,400,300,DragonFruitFresh,82,198,147,275
fruit26.png,400,300,PineAppleFresh,134,29,313,173
fruit26.png,400,300,SnakeFruitFresh,196,167,219,203
fruit26.png,400,300,DragonFruitFresh,90,160,164,243
fruit27.png,400,300,PineAppleFresh,128,12,307,162
fruit27.png,400,300,SnakeFruitFresh,191,159,215,196
fruit27.png,400,300,DragonFruitFresh,85,150,161,235
fruit33.png,400,300,PineAppleFresh,113,33,289,180
fruit33.png,400,300,SnakeFruitFresh,177,179,199,216
fruit33.png,400,300,DragonFruitFresh,76,184,147,265
fruit8.png,400,300,PineAppleFresh,130,82,319,207
fruit8.png,400,300,SnakeFruitFresh,232,211,255,244
fruit8.png,400,300,DragonFruitFresh,181,259,242,300
fruit171.png,600,337,BananaFresh,269,62,382,171
fruit171.png,600,337,SnakeFruitFresh,287,218,343,271
fruit171.png,600,337,DragonFruitFresh,109,81,229,185
fruit165.png,600,337,BananaFresh,278,71,395,184
fruit165.png,600,337,SnakeFruitFresh,290,229,348,283
fruit165.png,600,337,DragonFruitFresh,127,86,241,193
fruit159.png,400,300,PineAppleFresh,19,59,253,208
fruit159.png,400,300,BananaFresh,281,120,350,201
fruit159.png,400,300,SnakeFruitFresh,279,113,301,135
fruit161.png,300,400,PineAppleFresh,90,31,243,240
fruit161.png,300,400,SnakeFruitFresh,172,282,193,309
fruit161.png,300,400,BananaFresh,84,265,159,338
fruit175.png,600,337,BananaFresh,282,66,394,173
fruit175.png,600,337,SnakeFruitFresh,315,225,370,278
fruit175.png,600,337,DragonFruitFresh,122,96,242,203
fruit149.png,400,300,PineAppleFresh,137,76,322,244
fruit149.png,400,300,SnakeFruitFresh,31,123,68,148
fruit149.png,400,300,BananaFresh,66,83,131,130
fruit37.png,400,300,PineAppleFresh,158,51,284,226
fruit37.png,400,300,SnakeFruitFresh,177,192,200,217
fruit37.png,400,300,DragonFruitFresh,97,180,149,238
fruit23.png,400,300,PineAppleFresh,125,32,289,174
fruit23.png,400,300,SnakeFruitFresh,191,178,209,209
fruit23.png,400,300,DragonFruitFresh,114,197,173,262
fruit202.png,600,337,BananaFresh,301,67,415,176
fruit202.png,600,337,SnakeFruitFresh,290,223,353,277
fruit202.png,600,337,DragonFruitFresh,147,56,255,175
fruit22.png,400,300,PineAppleFresh,125,40,289,179
fruit22.png,400,300,SnakeFruitFresh,191,182,210,214
fruit22.png,400,300,DragonFruitFresh,110,199,169,267
fruit36.png,400,300,PineAppleFresh,177,41,295,220
fruit36.png,400,300,SnakeFruitFresh,179,176,202,203
fruit36.png,400,300,DragonFruitFresh,101,158,153,216
fruit148.png,400,300,PineAppleFresh,152,73,324,248
fruit148.png,400,300,SnakeFruitFresh,63,100,95,122
fruit148.png,400,300,BananaFresh,102,65,160,115
fruit174.png,600,337,BananaFresh,278,66,390,174
fruit174.png,600,337,SnakeFruitFresh,306,225,362,277
fruit174.png,600,337,DragonFruitFresh,112,93,238,200
fruit160.png,300,400,PineAppleFresh,74,14,251,255
fruit160.png,300,400,SnakeFruitFresh,166,300,192,331
fruit160.png,300,400,BananaFresh,70,288,164,370
fruit176.png,600,337,BananaFresh,286,65,397,171
fruit176.png,600,337,SnakeFruitFresh,322,225,377,276
fruit176.png,600,337,DragonFruitFresh,123,98,247,207
fruit162.png,300,400,PineAppleFresh,77,20,233,252
fruit162.png,300,400,SnakeFruitFresh,179,297,205,322
fruit162.png,300,400,BananaFresh,88,279,163,355
fruit20.png,400,300,PineAppleFresh,107,36,302,211
fruit20.png,400,300,SnakeFruitFresh,191,201,213,232
fruit20.png,400,300,DragonFruitFresh,112,232,173,299
fruit200.png,600,337,BananaFresh,303,70,419,179
fruit200.png,600,337,SnakeFruitFresh,302,231,363,286
fruit200.png,600,337,DragonFruitFresh,144,72,259,189
fruit34.png,400,300,PineAppleFresh,118,35,299,183
fruit34.png,400,300,SnakeFruitFresh,180,182,206,221
fruit34.png,400,300,DragonFruitFresh,75,183,149,268
fruit35.png,400,300,PineAppleFresh,121,39,302,188
fruit35.png,400,300,SnakeFruitFresh,182,184,207,223
fruit35.png,400,300,DragonFruitFresh,71,183,149,269
fruit201.png,600,337,BananaFresh,301,68,418,176
fruit201.png,600,337,SnakeFruitFresh,297,226,359,284
fruit201.png,600,337,DragonFruitFresh,144,65,257,180
fruit21.png,400,300,PineAppleFresh,123,56,291,191
fruit21.png,400,300,SnakeFruitFresh,189,194,209,228
fruit21.png,400,300,DragonFruitFresh,101,209,165,283
fruit163.png,600,337,BananaFresh,280,72,400,188
fruit163.png,600,337,SnakeFruitFresh,293,232,352,287
fruit163.png,600,337,DragonFruitFresh,128,87,245,198
fruit177.png,600,337,BananaFresh,287,64,399,179
fruit177.png,600,337,SnakeFruitFresh,329,224,383,275
fruit177.png,600,337,DragonFruitFresh,127,101,250,203
fruit188.png,600,337,BananaFresh,297,62,410,172
fruit188.png,600,337,SnakeFruitFresh,349,207,409,273
fruit188.png,600,337,DragonFruitFresh,142,99,271,211